<?xml version="1.0" encoding="UTF-8"?>
<Configuration status="INFO">
    <Appenders>
        <Console name="Console" target="SYSTEM_OUT">
            <PatternLayout pattern="%d{yyyy-MM-dd HH:mm:ss} %-5p %c{1}:%L - %m%n"/>
        </Console>
    </Appenders>
    <Loggers>
        <Root level="error">
            <AppenderRef ref="Console"/>
        </Root>
        <logger name="springfox.documentation" />
        <logger name="es.upv.indigodc" level="debug" />
        <logger name="org.springframework.web.servlet.mvc.method.annotation.RequestMappingHandlerMapping" level="warn" />
    </Loggers>
</Configuration>